path,methods,tenant_guard_review
packages/medusa/src/api/admin/api-keys/[id]/revoke/route.ts,POST,not_implemented_audit_required
packages/medusa/src/api/admin/api-keys/[id]/route.ts,"GET,POST,DELETE",not_implemented_audit_required
packages/medusa/src/api/admin/api-keys/[id]/sales-channels/route.ts,POST,not_implemented_audit_required
packages/medusa/src/api/admin/api-keys/route.ts,"GET,POST",not_implemented_audit_required
packages/medusa/src/api/admin/campaigns/[id]/promotions/route.ts,POST,not_implemented_audit_required
packages/medusa/src/api/admin/campaigns/[id]/route.ts,"GET,POST,DELETE",not_implemented_audit_required
packages/medusa/src/api/admin/campaigns/route.ts,"GET,POST",not_implemented_audit_required
packages/medusa/src/api/admin/claims/[id]/cancel/route.ts,POST,not_implemented_audit_required
packages/medusa/src/api/admin/claims/[id]/claim-items/[action_id]/route.ts,"POST,DELETE",not_implemented_audit_required
packages/medusa/src/api/admin/claims/[id]/claim-items/route.ts,POST,not_implemented_audit_required
packages/medusa/src/api/admin/claims/[id]/inbound/items/[action_id]/route.ts,"POST,DELETE",not_implemented_audit_required
packages/medusa/src/api/admin/claims/[id]/inbound/items/route.ts,POST,not_implemented_audit_required
packages/medusa/src/api/admin/claims/[id]/inbound/shipping-method/[action_id]/route.ts,"POST,DELETE",not_implemented_audit_required
packages/medusa/src/api/admin/claims/[id]/inbound/shipping-method/route.ts,POST,not_implemented_audit_required
packages/medusa/src/api/admin/claims/[id]/outbound/items/[action_id]/route.ts,"POST,DELETE",not_implemented_audit_required
packages/medusa/src/api/admin/claims/[id]/outbound/items/route.ts,POST,not_implemented_audit_required
packages/medusa/src/api/admin/claims/[id]/outbound/shipping-method/[action_id]/route.ts,"POST,DELETE",not_implemented_audit_required
packages/medusa/src/api/admin/claims/[id]/outbound/shipping-method/route.ts,POST,not_implemented_audit_required
packages/medusa/src/api/admin/claims/[id]/request/route.ts,"POST,DELETE",not_implemented_audit_required
packages/medusa/src/api/admin/claims/[id]/route.ts,GET,not_implemented_audit_required
packages/medusa/src/api/admin/claims/route.ts,"GET,POST",not_implemented_audit_required
packages/medusa/src/api/admin/collections/[id]/products/route.ts,POST,not_implemented_audit_required
packages/medusa/src/api/admin/collections/[id]/route.ts,"GET,POST,DELETE",not_implemented_audit_required
packages/medusa/src/api/admin/collections/route.ts,"GET,POST",not_implemented_audit_required
packages/medusa/src/api/admin/currencies/[code]/route.ts,GET,not_implemented_audit_required
packages/medusa/src/api/admin/currencies/route.ts,GET,not_implemented_audit_required
packages/medusa/src/api/admin/customer-groups/[id]/customers/route.ts,POST,not_implemented_audit_required
packages/medusa/src/api/admin/customer-groups/[id]/route.ts,"GET,POST,DELETE",not_implemented_audit_required
packages/medusa/src/api/admin/customer-groups/route.ts,"GET,POST",not_implemented_audit_required
packages/medusa/src/api/admin/customers/[id]/addresses/[address_id]/route.ts,"GET,POST,DELETE",not_implemented_audit_required
packages/medusa/src/api/admin/customers/[id]/addresses/route.ts,"GET,POST",not_implemented_audit_required
packages/medusa/src/api/admin/customers/[id]/customer-groups/route.ts,POST,not_implemented_audit_required
packages/medusa/src/api/admin/customers/[id]/route.ts,"GET,POST,DELETE",not_implemented_audit_required
packages/medusa/src/api/admin/customers/route.ts,"GET,POST",not_implemented_audit_required
packages/medusa/src/api/admin/draft-orders/[id]/convert-to-order/route.ts,POST,not_implemented_audit_required
packages/medusa/src/api/admin/draft-orders/[id]/edit/confirm/route.ts,POST,not_implemented_audit_required
packages/medusa/src/api/admin/draft-orders/[id]/edit/items/[action_id]/route.ts,"POST,DELETE",not_implemented_audit_required
packages/medusa/src/api/admin/draft-orders/[id]/edit/items/item/[item_id]/route.ts,POST,not_implemented_audit_required
packages/medusa/src/api/admin/draft-orders/[id]/edit/items/route.ts,POST,not_implemented_audit_required
packages/medusa/src/api/admin/draft-orders/[id]/edit/promotions/route.ts,"POST,DELETE",not_implemented_audit_required
packages/medusa/src/api/admin/draft-orders/[id]/edit/request/route.ts,POST,not_implemented_audit_required
packages/medusa/src/api/admin/draft-orders/[id]/edit/route.ts,"POST,DELETE",not_implemented_audit_required
packages/medusa/src/api/admin/draft-orders/[id]/edit/shipping-methods/[action_id]/route.ts,"POST,DELETE",not_implemented_audit_required
packages/medusa/src/api/admin/draft-orders/[id]/edit/shipping-methods/method/[method_id]/route.ts,"POST,DELETE",not_implemented_audit_required
packages/medusa/src/api/admin/draft-orders/[id]/edit/shipping-methods/route.ts,POST,not_implemented_audit_required
packages/medusa/src/api/admin/draft-orders/[id]/route.ts,"GET,POST,DELETE",not_implemented_audit_required
packages/medusa/src/api/admin/draft-orders/route.ts,"GET,POST",not_implemented_audit_required
packages/medusa/src/api/admin/exchanges/[id]/cancel/route.ts,POST,not_implemented_audit_required
packages/medusa/src/api/admin/exchanges/[id]/inbound/items/[action_id]/route.ts,"POST,DELETE",not_implemented_audit_required
packages/medusa/src/api/admin/exchanges/[id]/inbound/items/route.ts,POST,not_implemented_audit_required
packages/medusa/src/api/admin/exchanges/[id]/inbound/shipping-method/[action_id]/route.ts,"POST,DELETE",not_implemented_audit_required
packages/medusa/src/api/admin/exchanges/[id]/inbound/shipping-method/route.ts,POST,not_implemented_audit_required
packages/medusa/src/api/admin/exchanges/[id]/outbound/items/[action_id]/route.ts,"POST,DELETE",not_implemented_audit_required
packages/medusa/src/api/admin/exchanges/[id]/outbound/items/route.ts,POST,not_implemented_audit_required
packages/medusa/src/api/admin/exchanges/[id]/outbound/shipping-method/[action_id]/route.ts,"POST,DELETE",not_implemented_audit_required
packages/medusa/src/api/admin/exchanges/[id]/outbound/shipping-method/route.ts,POST,not_implemented_audit_required
packages/medusa/src/api/admin/exchanges/[id]/request/route.ts,"POST,DELETE",not_implemented_audit_required
packages/medusa/src/api/admin/exchanges/[id]/route.ts,GET,not_implemented_audit_required
packages/medusa/src/api/admin/exchanges/route.ts,"GET,POST",not_implemented_audit_required
packages/medusa/src/api/admin/feature-flags/route.ts,GET,not_implemented_audit_required
packages/medusa/src/api/admin/fulfillment-providers/[id]/options/route.ts,GET,not_implemented_audit_required
packages/medusa/src/api/admin/fulfillment-providers/route.ts,GET,not_implemented_audit_required
packages/medusa/src/api/admin/fulfillment-sets/[id]/route.ts,DELETE,not_implemented_audit_required
packages/medusa/src/api/admin/fulfillment-sets/[id]/service-zones/[zone_id]/route.ts,"GET,POST,DELETE",not_implemented_audit_required
packages/medusa/src/api/admin/fulfillment-sets/[id]/service-zones/route.ts,POST,not_implemented_audit_required
packages/medusa/src/api/admin/fulfillments/[id]/cancel/route.ts,POST,not_implemented_audit_required
packages/medusa/src/api/admin/fulfillments/[id]/shipment/route.ts,POST,not_implemented_audit_required
packages/medusa/src/api/admin/fulfillments/route.ts,POST,not_implemented_audit_required
packages/medusa/src/api/admin/index/details/route.ts,GET,not_implemented_audit_required
packages/medusa/src/api/admin/index/sync/route.ts,POST,not_implemented_audit_required
packages/medusa/src/api/admin/inventory-items/[id]/location-levels/[location_id]/route.ts,"DELETE,POST",not_implemented_audit_required
packages/medusa/src/api/admin/inventory-items/[id]/location-levels/batch/route.ts,POST,not_implemented_audit_required
packages/medusa/src/api/admin/inventory-items/[id]/location-levels/route.ts,"POST,GET",not_implemented_audit_required
packages/medusa/src/api/admin/inventory-items/[id]/route.ts,"GET,POST,DELETE",not_implemented_audit_required
packages/medusa/src/api/admin/inventory-items/export/route.ts,POST,not_implemented_audit_required
packages/medusa/src/api/admin/inventory-items/location-levels/batch/route.ts,POST,not_implemented_audit_required
packages/medusa/src/api/admin/inventory-items/route.ts,"POST,GET",not_implemented_audit_required
packages/medusa/src/api/admin/invites/[id]/resend/route.ts,POST,not_implemented_audit_required
packages/medusa/src/api/admin/invites/[id]/route.ts,"GET,DELETE",not_implemented_audit_required
packages/medusa/src/api/admin/invites/accept/route.ts,POST,not_implemented_audit_required
packages/medusa/src/api/admin/invites/route.ts,"GET,POST",not_implemented_audit_required
packages/medusa/src/api/admin/layouts/[zone]/configuration/route.ts,"GET,POST,DELETE",not_implemented_audit_required
packages/medusa/src/api/admin/layouts/configurations/route.ts,GET,not_implemented_audit_required
packages/medusa/src/api/admin/locales/[code]/route.ts,GET,not_implemented_audit_required
packages/medusa/src/api/admin/locales/route.ts,GET,not_implemented_audit_required
packages/medusa/src/api/admin/notifications/[id]/route.ts,GET,not_implemented_audit_required
packages/medusa/src/api/admin/notifications/route.ts,GET,not_implemented_audit_required
packages/medusa/src/api/admin/order-changes/[id]/route.ts,POST,not_implemented_audit_required
packages/medusa/src/api/admin/order-edits/[id]/confirm/route.ts,POST,not_implemented_audit_required
packages/medusa/src/api/admin/order-edits/[id]/items/[action_id]/route.ts,"POST,DELETE",not_implemented_audit_required
packages/medusa/src/api/admin/order-edits/[id]/items/item/[item_id]/route.ts,POST,not_implemented_audit_required
packages/medusa/src/api/admin/order-edits/[id]/items/route.ts,POST,not_implemented_audit_required
packages/medusa/src/api/admin/order-edits/[id]/request/route.ts,POST,not_implemented_audit_required
packages/medusa/src/api/admin/order-edits/[id]/route.ts,DELETE,not_implemented_audit_required
packages/medusa/src/api/admin/order-edits/[id]/shipping-method/[action_id]/route.ts,"POST,DELETE",not_implemented_audit_required
packages/medusa/src/api/admin/order-edits/[id]/shipping-method/route.ts,POST,not_implemented_audit_required
packages/medusa/src/api/admin/order-edits/route.ts,POST,not_implemented_audit_required
packages/medusa/src/api/admin/orders/[id]/archive/route.ts,POST,not_implemented_audit_required
packages/medusa/src/api/admin/orders/[id]/cancel/route.ts,POST,not_implemented_audit_required
packages/medusa/src/api/admin/orders/[id]/changes/route.ts,GET,not_implemented_audit_required
packages/medusa/src/api/admin/orders/[id]/complete/route.ts,POST,not_implemented_audit_required
packages/medusa/src/api/admin/orders/[id]/credit-lines/route.ts,POST,not_implemented_audit_required
packages/medusa/src/api/admin/orders/[id]/fulfillments/[fulfillment_id]/cancel/route.ts,POST,not_implemented_audit_required
packages/medusa/src/api/admin/orders/[id]/fulfillments/[fulfillment_id]/mark-as-delivered/route.ts,POST,not_implemented_audit_required
packages/medusa/src/api/admin/orders/[id]/fulfillments/[fulfillment_id]/shipments/route.ts,POST,not_implemented_audit_required
packages/medusa/src/api/admin/orders/[id]/fulfillments/route.ts,POST,not_implemented_audit_required
packages/medusa/src/api/admin/orders/[id]/line-items/route.ts,GET,not_implemented_audit_required
packages/medusa/src/api/admin/orders/[id]/payment-sessions/authorize/route.ts,POST,not_implemented_audit_required
packages/medusa/src/api/admin/orders/[id]/preview/route.ts,GET,not_implemented_audit_required
packages/medusa/src/api/admin/orders/[id]/route.ts,"GET,POST",not_implemented_audit_required
packages/medusa/src/api/admin/orders/[id]/shipping-options/route.ts,GET,not_implemented_audit_required
packages/medusa/src/api/admin/orders/[id]/transfer/cancel/route.ts,POST,not_implemented_audit_required
packages/medusa/src/api/admin/orders/[id]/transfer/guest/route.ts,POST,not_implemented_audit_required
packages/medusa/src/api/admin/orders/[id]/transfer/route.ts,POST,not_implemented_audit_required
packages/medusa/src/api/admin/orders/export/route.ts,POST,not_implemented_audit_required
packages/medusa/src/api/admin/orders/route.ts,GET,not_implemented_audit_required
packages/medusa/src/api/admin/payment-collections/[id]/mark-as-paid/route.ts,POST,not_implemented_audit_required
packages/medusa/src/api/admin/payment-collections/[id]/payment-sessions/route.ts,POST,not_implemented_audit_required
packages/medusa/src/api/admin/payment-collections/[id]/route.ts,DELETE,not_implemented_audit_required
packages/medusa/src/api/admin/payment-collections/route.ts,POST,not_implemented_audit_required
packages/medusa/src/api/admin/payments/[id]/capture/route.ts,POST,not_implemented_audit_required
packages/medusa/src/api/admin/payments/[id]/refund/route.ts,POST,not_implemented_audit_required
packages/medusa/src/api/admin/payments/[id]/route.ts,GET,not_implemented_audit_required
packages/medusa/src/api/admin/payments/payment-providers/route.ts,GET,not_implemented_audit_required
packages/medusa/src/api/admin/payments/route.ts,GET,not_implemented_audit_required
packages/medusa/src/api/admin/plugins/route.ts,GET,not_implemented_audit_required
packages/medusa/src/api/admin/price-lists/[id]/prices/batch/route.ts,POST,not_implemented_audit_required
packages/medusa/src/api/admin/price-lists/[id]/prices/route.ts,GET,not_implemented_audit_required
packages/medusa/src/api/admin/price-lists/[id]/products/route.ts,POST,not_implemented_audit_required
packages/medusa/src/api/admin/price-lists/[id]/route.ts,"GET,POST,DELETE",not_implemented_audit_required
packages/medusa/src/api/admin/price-lists/route.ts,"GET,POST",not_implemented_audit_required
packages/medusa/src/api/admin/price-preferences/[id]/route.ts,"GET,POST,DELETE",not_implemented_audit_required
packages/medusa/src/api/admin/price-preferences/route.ts,"GET,POST",not_implemented_audit_required
packages/medusa/src/api/admin/product-categories/[id]/products/route.ts,POST,not_implemented_audit_required
packages/medusa/src/api/admin/product-categories/[id]/route.ts,"GET,POST,DELETE",not_implemented_audit_required
packages/medusa/src/api/admin/product-categories/route.ts,"GET,POST",not_implemented_audit_required
packages/medusa/src/api/admin/product-options/[id]/route.ts,"GET,POST,DELETE",not_implemented_audit_required
packages/medusa/src/api/admin/product-options/[id]/values/[value_id]/route.ts,"GET,POST,DELETE",not_implemented_audit_required
packages/medusa/src/api/admin/product-options/[id]/values/route.ts,GET,not_implemented_audit_required
packages/medusa/src/api/admin/product-options/route.ts,"GET,POST",not_implemented_audit_required
packages/medusa/src/api/admin/product-tags/[id]/route.ts,"GET,POST,DELETE",not_implemented_audit_required
packages/medusa/src/api/admin/product-tags/route.ts,"GET,POST",not_implemented_audit_required
packages/medusa/src/api/admin/product-types/[id]/route.ts,"GET,POST,DELETE",not_implemented_audit_required
packages/medusa/src/api/admin/product-types/route.ts,"GET,POST",not_implemented_audit_required
packages/medusa/src/api/admin/product-variants/route.ts,GET,not_implemented_audit_required
packages/medusa/src/api/admin/products/[id]/images/[image_id]/variants/batch/route.ts,POST,not_implemented_audit_required
packages/medusa/src/api/admin/products/[id]/options/batch/route.ts,POST,not_implemented_audit_required
packages/medusa/src/api/admin/products/[id]/options/route.ts,GET,not_implemented_audit_required
packages/medusa/src/api/admin/products/[id]/route.ts,"GET,POST,DELETE",not_implemented_audit_required
packages/medusa/src/api/admin/products/[id]/variants/[variant_id]/images/batch/route.ts,POST,not_implemented_audit_required
packages/medusa/src/api/admin/products/[id]/variants/[variant_id]/inventory-items/[inventory_item_id]/route.ts,"POST,DELETE",not_implemented_audit_required
packages/medusa/src/api/admin/products/[id]/variants/[variant_id]/inventory-items/route.ts,POST,not_implemented_audit_required
packages/medusa/src/api/admin/products/[id]/variants/[variant_id]/route.ts,"GET,POST,DELETE",not_implemented_audit_required
packages/medusa/src/api/admin/products/[id]/variants/batch/route.ts,POST,not_implemented_audit_required
packages/medusa/src/api/admin/products/[id]/variants/inventory-items/batch/route.ts,POST,not_implemented_audit_required
packages/medusa/src/api/admin/products/[id]/variants/route.ts,"GET,POST",not_implemented_audit_required
packages/medusa/src/api/admin/products/batch/route.ts,POST,not_implemented_audit_required
packages/medusa/src/api/admin/products/export/route.ts,POST,not_implemented_audit_required
packages/medusa/src/api/admin/products/import/[transaction_id]/confirm/route.ts,POST,not_implemented_audit_required
packages/medusa/src/api/admin/products/import/route.ts,POST,not_implemented_audit_required
packages/medusa/src/api/admin/products/imports/[transaction_id]/confirm/route.ts,POST,not_implemented_audit_required
packages/medusa/src/api/admin/products/imports/route.ts,POST,not_implemented_audit_required
packages/medusa/src/api/admin/products/route.ts,"GET,POST",not_implemented_audit_required
packages/medusa/src/api/admin/promotions/[id]/[rule_type]/route.ts,GET,not_implemented_audit_required
packages/medusa/src/api/admin/promotions/[id]/buy-rules/batch/route.ts,POST,not_implemented_audit_required
packages/medusa/src/api/admin/promotions/[id]/route.ts,"GET,POST,DELETE",not_implemented_audit_required
packages/medusa/src/api/admin/promotions/[id]/rules/batch/route.ts,POST,not_implemented_audit_required
packages/medusa/src/api/admin/promotions/[id]/target-rules/batch/route.ts,POST,not_implemented_audit_required
packages/medusa/src/api/admin/promotions/route.ts,"GET,POST",not_implemented_audit_required
packages/medusa/src/api/admin/promotions/rule-attribute-options/[rule_type]/route.ts,GET,not_implemented_audit_required
packages/medusa/src/api/admin/promotions/rule-value-options/[rule_type]/[rule_attribute_id]/route.ts,GET,not_implemented_audit_required
packages/medusa/src/api/admin/property-labels/[id]/route.ts,"GET,POST,DELETE",not_implemented_audit_required
packages/medusa/src/api/admin/property-labels/batch/route.ts,POST,not_implemented_audit_required
packages/medusa/src/api/admin/property-labels/route.ts,"GET,POST",not_implemented_audit_required
packages/medusa/src/api/admin/rbac/me/permissions/route.ts,GET,not_implemented_audit_required
packages/medusa/src/api/admin/rbac/policies/[id]/roles/route.ts,GET,not_implemented_audit_required
packages/medusa/src/api/admin/rbac/policies/[id]/route.ts,"GET,POST,DELETE",not_implemented_audit_required
packages/medusa/src/api/admin/rbac/policies/assignable/route.ts,GET,not_implemented_audit_required
packages/medusa/src/api/admin/rbac/policies/route.ts,"GET,POST",not_implemented_audit_required
packages/medusa/src/api/admin/rbac/roles/[id]/policies/[policy_id]/route.ts,DELETE,not_implemented_audit_required
packages/medusa/src/api/admin/rbac/roles/[id]/policies/route.ts,"GET,POST",not_implemented_audit_required
packages/medusa/src/api/admin/rbac/roles/[id]/route.ts,"GET,POST,DELETE",not_implemented_audit_required
packages/medusa/src/api/admin/rbac/roles/[id]/users/route.ts,"GET,POST,DELETE",not_implemented_audit_required
packages/medusa/src/api/admin/rbac/roles/assignable/route.ts,GET,not_implemented_audit_required
packages/medusa/src/api/admin/rbac/roles/route.ts,"GET,POST",not_implemented_audit_required
packages/medusa/src/api/admin/refund-reasons/[id]/route.ts,"GET,POST,DELETE",not_implemented_audit_required
packages/medusa/src/api/admin/refund-reasons/route.ts,"GET,POST",not_implemented_audit_required
packages/medusa/src/api/admin/regions/[id]/route.ts,"GET,POST,DELETE",not_implemented_audit_required
packages/medusa/src/api/admin/regions/route.ts,"GET,POST",not_implemented_audit_required
packages/medusa/src/api/admin/reservations/[id]/route.ts,"GET,POST,DELETE",not_implemented_audit_required
packages/medusa/src/api/admin/reservations/route.ts,"GET,POST",not_implemented_audit_required
packages/medusa/src/api/admin/return-reasons/[id]/route.ts,"GET,POST,DELETE",not_implemented_audit_required
packages/medusa/src/api/admin/return-reasons/route.ts,"GET,POST",not_implemented_audit_required
packages/medusa/src/api/admin/returns/[id]/cancel/route.ts,POST,not_implemented_audit_required
packages/medusa/src/api/admin/returns/[id]/dismiss-items/[action_id]/route.ts,"POST,DELETE",not_implemented_audit_required
packages/medusa/src/api/admin/returns/[id]/dismiss-items/route.ts,POST,not_implemented_audit_required
packages/medusa/src/api/admin/returns/[id]/receive/confirm/route.ts,POST,not_implemented_audit_required
packages/medusa/src/api/admin/returns/[id]/receive/route.ts,"POST,DELETE",not_implemented_audit_required
packages/medusa/src/api/admin/returns/[id]/receive-items/[action_id]/route.ts,"POST,DELETE",not_implemented_audit_required
packages/medusa/src/api/admin/returns/[id]/receive-items/route.ts,POST,not_implemented_audit_required
packages/medusa/src/api/admin/returns/[id]/request/route.ts,"POST,DELETE",not_implemented_audit_required
packages/medusa/src/api/admin/returns/[id]/request-items/[action_id]/route.ts,"POST,DELETE",not_implemented_audit_required
packages/medusa/src/api/admin/returns/[id]/request-items/route.ts,POST,not_implemented_audit_required
packages/medusa/src/api/admin/returns/[id]/route.ts,"GET,POST",not_implemented_audit_required
packages/medusa/src/api/admin/returns/[id]/shipping-method/[action_id]/route.ts,"POST,DELETE",not_implemented_audit_required
packages/medusa/src/api/admin/returns/[id]/shipping-method/route.ts,POST,not_implemented_audit_required
packages/medusa/src/api/admin/returns/route.ts,"GET,POST",not_implemented_audit_required
packages/medusa/src/api/admin/sales-channels/[id]/products/route.ts,POST,not_implemented_audit_required
packages/medusa/src/api/admin/sales-channels/[id]/route.ts,"GET,POST,DELETE",not_implemented_audit_required
packages/medusa/src/api/admin/sales-channels/route.ts,"GET,POST",not_implemented_audit_required
packages/medusa/src/api/admin/search/route.ts,GET,not_implemented_audit_required
packages/medusa/src/api/admin/shipping-option-types/[id]/route.ts,"GET,POST,DELETE",not_implemented_audit_required
packages/medusa/src/api/admin/shipping-option-types/route.ts,"GET,POST",not_implemented_audit_required
packages/medusa/src/api/admin/shipping-options/[id]/route.ts,"GET,POST,DELETE",not_implemented_audit_required
packages/medusa/src/api/admin/shipping-options/[id]/rules/batch/route.ts,POST,not_implemented_audit_required
packages/medusa/src/api/admin/shipping-options/route.ts,"GET,POST",not_implemented_audit_required
packages/medusa/src/api/admin/shipping-profiles/[id]/route.ts,"GET,DELETE,POST",not_implemented_audit_required
packages/medusa/src/api/admin/shipping-profiles/route.ts,"POST,GET",not_implemented_audit_required
packages/medusa/src/api/admin/stock-locations/[id]/fulfillment-providers/route.ts,POST,not_implemented_audit_required
packages/medusa/src/api/admin/stock-locations/[id]/fulfillment-sets/route.ts,POST,not_implemented_audit_required
packages/medusa/src/api/admin/stock-locations/[id]/route.ts,"POST,GET,DELETE",not_implemented_audit_required
packages/medusa/src/api/admin/stock-locations/[id]/sales-channels/route.ts,POST,not_implemented_audit_required
packages/medusa/src/api/admin/stock-locations/route.ts,"POST,GET",not_implemented_audit_required
packages/medusa/src/api/admin/stores/[id]/route.ts,"GET,POST",not_implemented_audit_required
packages/medusa/src/api/admin/stores/route.ts,GET,not_implemented_audit_required
packages/medusa/src/api/admin/tax-providers/route.ts,GET,not_implemented_audit_required
packages/medusa/src/api/admin/tax-rates/[id]/route.ts,"POST,GET,DELETE",not_implemented_audit_required
packages/medusa/src/api/admin/tax-rates/[id]/rules/[rule_id]/route.ts,DELETE,not_implemented_audit_required
packages/medusa/src/api/admin/tax-rates/[id]/rules/route.ts,POST,not_implemented_audit_required
packages/medusa/src/api/admin/tax-rates/route.ts,"POST,GET",not_implemented_audit_required
packages/medusa/src/api/admin/tax-regions/[id]/route.ts,"GET,POST,DELETE",not_implemented_audit_required
packages/medusa/src/api/admin/tax-regions/route.ts,"POST,GET",not_implemented_audit_required
packages/medusa/src/api/admin/translations/batch/route.ts,POST,not_implemented_audit_required
packages/medusa/src/api/admin/translations/entities/route.ts,GET,not_implemented_audit_required
packages/medusa/src/api/admin/translations/route.ts,GET,not_implemented_audit_required
packages/medusa/src/api/admin/translations/settings/batch/route.ts,POST,not_implemented_audit_required
packages/medusa/src/api/admin/translations/settings/route.ts,GET,not_implemented_audit_required
packages/medusa/src/api/admin/translations/statistics/route.ts,GET,not_implemented_audit_required
packages/medusa/src/api/admin/uploads/[id]/route.ts,"GET,DELETE",not_implemented_audit_required
packages/medusa/src/api/admin/uploads/presigned-urls/route.ts,POST,not_implemented_audit_required
packages/medusa/src/api/admin/uploads/route.ts,POST,not_implemented_audit_required
packages/medusa/src/api/admin/users/[id]/roles/[role_id]/route.ts,DELETE,not_implemented_audit_required
packages/medusa/src/api/admin/users/[id]/roles/route.ts,"GET,POST,DELETE",not_implemented_audit_required
packages/medusa/src/api/admin/users/[id]/route.ts,"GET,POST,DELETE",not_implemented_audit_required
packages/medusa/src/api/admin/users/me/route.ts,GET,not_implemented_audit_required
packages/medusa/src/api/admin/users/route.ts,GET,not_implemented_audit_required
packages/medusa/src/api/admin/views/[entity]/columns/route.ts,GET,not_implemented_audit_required
packages/medusa/src/api/admin/views/[entity]/configurations/[id]/route.ts,"GET,POST,DELETE",not_implemented_audit_required
packages/medusa/src/api/admin/views/[entity]/configurations/active/route.ts,"GET,POST",not_implemented_audit_required
packages/medusa/src/api/admin/views/[entity]/configurations/route.ts,"GET,POST",not_implemented_audit_required
packages/medusa/src/api/admin/views/entities/route.ts,GET,not_implemented_audit_required
packages/medusa/src/api/admin/workflows-executions/[id]/route.ts,GET,not_implemented_audit_required
packages/medusa/src/api/admin/workflows-executions/[workflow_id]/[transaction_id]/route.ts,GET,not_implemented_audit_required
packages/medusa/src/api/admin/workflows-executions/[workflow_id]/[transaction_id]/subscribe/route.ts,GET,not_implemented_audit_required
packages/medusa/src/api/admin/workflows-executions/[workflow_id]/run/route.ts,POST,not_implemented_audit_required
packages/medusa/src/api/admin/workflows-executions/[workflow_id]/steps/failure/route.ts,POST,not_implemented_audit_required
packages/medusa/src/api/admin/workflows-executions/[workflow_id]/steps/success/route.ts,POST,not_implemented_audit_required
packages/medusa/src/api/admin/workflows-executions/[workflow_id]/subscribe/route.ts,GET,not_implemented_audit_required
packages/medusa/src/api/admin/workflows-executions/route.ts,GET,not_implemented_audit_required
packages/medusa/src/api/auth/[actor_type]/[auth_provider]/callback/route.ts,"GET,POST",not_implemented_audit_required
packages/medusa/src/api/auth/[actor_type]/[auth_provider]/register/route.ts,POST,not_implemented_audit_required
packages/medusa/src/api/auth/[actor_type]/[auth_provider]/reset-password/route.ts,POST,not_implemented_audit_required
packages/medusa/src/api/auth/[actor_type]/[auth_provider]/route.ts,"GET,POST",not_implemented_audit_required
packages/medusa/src/api/auth/[actor_type]/[auth_provider]/update/route.ts,POST,not_implemented_audit_required
packages/medusa/src/api/auth/mfa/challenges/[id]/verify/route.ts,POST,not_implemented_audit_required
packages/medusa/src/api/auth/mfa/factors/[id]/route.ts,DELETE,not_implemented_audit_required
packages/medusa/src/api/auth/mfa/factors/[id]/verify/route.ts,POST,not_implemented_audit_required
packages/medusa/src/api/auth/mfa/factors/route.ts,"GET,POST",not_implemented_audit_required
packages/medusa/src/api/auth/mfa/recovery-codes/route.ts,POST,not_implemented_audit_required
packages/medusa/src/api/auth/session/route.ts,"POST,DELETE",not_implemented_audit_required
packages/medusa/src/api/auth/token/refresh/route.ts,POST,not_implemented_audit_required
packages/medusa/src/api/auth/verification/confirm/route.ts,POST,not_implemented_audit_required
packages/medusa/src/api/auth/verification/request/route.ts,POST,not_implemented_audit_required
packages/medusa/src/api/cloud/auth/route.ts,GET,not_implemented_audit_required
packages/medusa/src/api/cloud/auth/users/route.ts,POST,not_implemented_audit_required
packages/medusa/src/api/hooks/payment/[provider]/route.ts,POST,not_implemented_audit_required
packages/medusa/src/api/store/carts/[id]/complete/route.ts,POST,not_implemented_audit_required
packages/medusa/src/api/store/carts/[id]/customer/route.ts,POST,not_implemented_audit_required
packages/medusa/src/api/store/carts/[id]/line-items/[line_id]/route.ts,"POST,DELETE",not_implemented_audit_required
packages/medusa/src/api/store/carts/[id]/line-items/route.ts,POST,not_implemented_audit_required
packages/medusa/src/api/store/carts/[id]/promotions/route.ts,"POST,DELETE",not_implemented_audit_required
packages/medusa/src/api/store/carts/[id]/route.ts,"GET,POST",not_implemented_audit_required
packages/medusa/src/api/store/carts/[id]/shipping-methods/route.ts,POST,not_implemented_audit_required
packages/medusa/src/api/store/carts/[id]/taxes/route.ts,POST,not_implemented_audit_required
packages/medusa/src/api/store/carts/route.ts,POST,not_implemented_audit_required
packages/medusa/src/api/store/collections/[id]/route.ts,GET,not_implemented_audit_required
packages/medusa/src/api/store/collections/route.ts,GET,not_implemented_audit_required
packages/medusa/src/api/store/currencies/[code]/route.ts,GET,not_implemented_audit_required
packages/medusa/src/api/store/currencies/route.ts,GET,not_implemented_audit_required
packages/medusa/src/api/store/customers/me/addresses/[address_id]/route.ts,"GET,POST,DELETE",not_implemented_audit_required
packages/medusa/src/api/store/customers/me/addresses/route.ts,"GET,POST",not_implemented_audit_required
packages/medusa/src/api/store/customers/me/route.ts,"GET,POST",not_implemented_audit_required
packages/medusa/src/api/store/customers/route.ts,POST,not_implemented_audit_required
packages/medusa/src/api/store/locales/route.ts,GET,not_implemented_audit_required
packages/medusa/src/api/store/orders/[id]/route.ts,GET,not_implemented_audit_required
packages/medusa/src/api/store/orders/[id]/transfer/accept/route.ts,POST,not_implemented_audit_required
packages/medusa/src/api/store/orders/[id]/transfer/cancel/route.ts,POST,not_implemented_audit_required
packages/medusa/src/api/store/orders/[id]/transfer/decline/route.ts,POST,not_implemented_audit_required
packages/medusa/src/api/store/orders/[id]/transfer/request/route.ts,POST,not_implemented_audit_required
packages/medusa/src/api/store/orders/route.ts,GET,not_implemented_audit_required
packages/medusa/src/api/store/payment-collections/[id]/payment-sessions/route.ts,POST,not_implemented_audit_required
packages/medusa/src/api/store/payment-collections/route.ts,POST,not_implemented_audit_required
packages/medusa/src/api/store/payment-providers/route.ts,GET,not_implemented_audit_required
packages/medusa/src/api/store/product-categories/[id]/route.ts,GET,not_implemented_audit_required
packages/medusa/src/api/store/product-categories/route.ts,GET,not_implemented_audit_required
packages/medusa/src/api/store/product-options/[id]/route.ts,GET,not_implemented_audit_required
packages/medusa/src/api/store/product-options/route.ts,GET,not_implemented_audit_required
packages/medusa/src/api/store/product-tags/[id]/route.ts,GET,not_implemented_audit_required
packages/medusa/src/api/store/product-tags/route.ts,GET,not_implemented_audit_required
packages/medusa/src/api/store/product-types/[id]/route.ts,GET,not_implemented_audit_required
packages/medusa/src/api/store/product-types/route.ts,GET,not_implemented_audit_required
packages/medusa/src/api/store/product-variants/[id]/route.ts,GET,not_implemented_audit_required
packages/medusa/src/api/store/product-variants/route.ts,GET,not_implemented_audit_required
packages/medusa/src/api/store/products/[id]/route.ts,GET,not_implemented_audit_required
packages/medusa/src/api/store/products/route.ts,GET,not_implemented_audit_required
packages/medusa/src/api/store/regions/[id]/route.ts,GET,not_implemented_audit_required
packages/medusa/src/api/store/regions/route.ts,GET,not_implemented_audit_required
packages/medusa/src/api/store/return-reasons/[id]/route.ts,GET,not_implemented_audit_required
packages/medusa/src/api/store/return-reasons/route.ts,GET,not_implemented_audit_required
packages/medusa/src/api/store/returns/route.ts,POST,not_implemented_audit_required
packages/medusa/src/api/store/shipping-options/[id]/calculate/route.ts,POST,not_implemented_audit_required
packages/medusa/src/api/store/shipping-options/route.ts,GET,not_implemented_audit_required
