module,source,tenant_id_present,unique_constraint,proposed_classification,review_status
api-key,packages/modules/api-key/src/models/api-key.ts,False,True,tenant_owned_or_child_review,static_candidate_not_semantically_verified
auth,packages/modules/auth/src/models/auth-identity.ts,False,False,tenant_owned_or_child_review,static_candidate_not_semantically_verified
auth,packages/modules/auth/src/models/auth-mfa-factor.ts,False,True,tenant_owned_or_child_review,static_candidate_not_semantically_verified
auth,packages/modules/auth/src/models/auth-mfa-recovery-code.ts,False,True,tenant_owned_or_child_review,static_candidate_not_semantically_verified
auth,packages/modules/auth/src/models/auth-password-reset-token.ts,False,False,tenant_owned_or_child_review,static_candidate_not_semantically_verified
auth,packages/modules/auth/src/models/auth-verification.ts,False,True,tenant_owned_or_child_review,static_candidate_not_semantically_verified
auth,packages/modules/auth/src/models/provider-identity.ts,False,True,tenant_owned_or_child_review,static_candidate_not_semantically_verified
cart,packages/modules/cart/src/models/address.ts,False,False,tenant_owned_or_child_review,static_candidate_not_semantically_verified
cart,packages/modules/cart/src/models/cart.ts,False,False,tenant_owned_or_child_review,static_candidate_not_semantically_verified
cart,packages/modules/cart/src/models/credit-line.ts,False,False,tenant_owned_or_child_review,static_candidate_not_semantically_verified
cart,packages/modules/cart/src/models/line-item-adjustment.ts,False,False,tenant_owned_or_child_review,static_candidate_not_semantically_verified
cart,packages/modules/cart/src/models/line-item-tax-line.ts,False,False,tenant_owned_or_child_review,static_candidate_not_semantically_verified
cart,packages/modules/cart/src/models/line-item.ts,False,False,tenant_owned_or_child_review,static_candidate_not_semantically_verified
cart,packages/modules/cart/src/models/shipping-method-adjustment.ts,False,False,tenant_owned_or_child_review,static_candidate_not_semantically_verified
cart,packages/modules/cart/src/models/shipping-method-tax-line.ts,False,False,tenant_owned_or_child_review,static_candidate_not_semantically_verified
cart,packages/modules/cart/src/models/shipping-method.ts,False,False,tenant_owned_or_child_review,static_candidate_not_semantically_verified
currency,packages/modules/currency/src/models/currency.ts,False,False,review_shared_dictionary,static_candidate_not_semantically_verified
customer,packages/modules/customer/src/models/address.ts,False,True,tenant_owned_or_child_review,static_candidate_not_semantically_verified
customer,packages/modules/customer/src/models/customer-group-customer.ts,False,False,tenant_owned_or_child_review,static_candidate_not_semantically_verified
customer,packages/modules/customer/src/models/customer-group.ts,False,True,tenant_owned_or_child_review,static_candidate_not_semantically_verified
customer,packages/modules/customer/src/models/customer.ts,False,True,tenant_owned_or_child_review,static_candidate_not_semantically_verified
fulfillment,packages/modules/fulfillment/src/models/address.ts,False,False,tenant_owned_or_child_review,static_candidate_not_semantically_verified
fulfillment,packages/modules/fulfillment/src/models/fulfillment-item.ts,False,False,tenant_owned_or_child_review,static_candidate_not_semantically_verified
fulfillment,packages/modules/fulfillment/src/models/fulfillment-label.ts,False,False,tenant_owned_or_child_review,static_candidate_not_semantically_verified
fulfillment,packages/modules/fulfillment/src/models/fulfillment-provider.ts,False,False,tenant_owned_or_child_review,static_candidate_not_semantically_verified
fulfillment,packages/modules/fulfillment/src/models/fulfillment-set.ts,False,True,tenant_owned_or_child_review,static_candidate_not_semantically_verified
fulfillment,packages/modules/fulfillment/src/models/fulfillment.ts,False,False,tenant_owned_or_child_review,static_candidate_not_semantically_verified
fulfillment,packages/modules/fulfillment/src/models/geo-zone.ts,False,False,tenant_owned_or_child_review,static_candidate_not_semantically_verified
fulfillment,packages/modules/fulfillment/src/models/service-zone.ts,False,True,tenant_owned_or_child_review,static_candidate_not_semantically_verified
fulfillment,packages/modules/fulfillment/src/models/shipping-option-rule.ts,False,False,tenant_owned_or_child_review,static_candidate_not_semantically_verified
fulfillment,packages/modules/fulfillment/src/models/shipping-option-type.ts,False,False,tenant_owned_or_child_review,static_candidate_not_semantically_verified
fulfillment,packages/modules/fulfillment/src/models/shipping-option.ts,False,False,tenant_owned_or_child_review,static_candidate_not_semantically_verified
fulfillment,packages/modules/fulfillment/src/models/shipping-profile.ts,False,True,tenant_owned_or_child_review,static_candidate_not_semantically_verified
index,packages/modules/index/src/models/index-data.ts,False,False,tenant_owned_or_child_review,static_candidate_not_semantically_verified
index,packages/modules/index/src/models/index-metadata.ts,False,True,tenant_owned_or_child_review,static_candidate_not_semantically_verified
index,packages/modules/index/src/models/index-relation.ts,False,False,tenant_owned_or_child_review,static_candidate_not_semantically_verified
index,packages/modules/index/src/models/index-sync.ts,False,True,tenant_owned_or_child_review,static_candidate_not_semantically_verified
inventory,packages/modules/inventory/src/models/inventory-item.ts,False,True,tenant_owned_or_child_review,static_candidate_not_semantically_verified
inventory,packages/modules/inventory/src/models/inventory-level.ts,False,True,tenant_owned_or_child_review,static_candidate_not_semantically_verified
inventory,packages/modules/inventory/src/models/reservation-item.ts,False,False,tenant_owned_or_child_review,static_candidate_not_semantically_verified
notification,packages/modules/notification/src/models/notification-provider.ts,False,False,tenant_owned_or_child_review,static_candidate_not_semantically_verified
notification,packages/modules/notification/src/models/notification.ts,False,True,tenant_owned_or_child_review,static_candidate_not_semantically_verified
order,packages/modules/order/src/models/address.ts,False,False,tenant_owned_or_child_review,static_candidate_not_semantically_verified
order,packages/modules/order/src/models/claim-item-image.ts,False,False,tenant_owned_or_child_review,static_candidate_not_semantically_verified
order,packages/modules/order/src/models/claim-item.ts,False,False,tenant_owned_or_child_review,static_candidate_not_semantically_verified
order,packages/modules/order/src/models/claim.ts,False,False,tenant_owned_or_child_review,static_candidate_not_semantically_verified
order,packages/modules/order/src/models/credit-line.ts,False,False,tenant_owned_or_child_review,static_candidate_not_semantically_verified
order,packages/modules/order/src/models/exchange-item.ts,False,False,tenant_owned_or_child_review,static_candidate_not_semantically_verified
order,packages/modules/order/src/models/exchange.ts,False,False,tenant_owned_or_child_review,static_candidate_not_semantically_verified
order,packages/modules/order/src/models/line-item-adjustment.ts,False,False,tenant_owned_or_child_review,static_candidate_not_semantically_verified
order,packages/modules/order/src/models/line-item-tax-line.ts,False,False,tenant_owned_or_child_review,static_candidate_not_semantically_verified
order,packages/modules/order/src/models/line-item.ts,False,False,tenant_owned_or_child_review,static_candidate_not_semantically_verified
order,packages/modules/order/src/models/order-change-action.ts,False,False,tenant_owned_or_child_review,static_candidate_not_semantically_verified
order,packages/modules/order/src/models/order-change.ts,False,False,tenant_owned_or_child_review,static_candidate_not_semantically_verified
order,packages/modules/order/src/models/order-item.ts,False,False,tenant_owned_or_child_review,static_candidate_not_semantically_verified
order,packages/modules/order/src/models/order-shipping-method.ts,False,False,tenant_owned_or_child_review,static_candidate_not_semantically_verified
order,packages/modules/order/src/models/order-summary.ts,False,False,tenant_owned_or_child_review,static_candidate_not_semantically_verified
order,packages/modules/order/src/models/order.ts,False,True,tenant_owned_or_child_review,static_candidate_not_semantically_verified
order,packages/modules/order/src/models/return-item.ts,False,False,tenant_owned_or_child_review,static_candidate_not_semantically_verified
order,packages/modules/order/src/models/return-reason.ts,False,False,tenant_owned_or_child_review,static_candidate_not_semantically_verified
order,packages/modules/order/src/models/return.ts,False,False,tenant_owned_or_child_review,static_candidate_not_semantically_verified
order,packages/modules/order/src/models/shipping-method-adjustment.ts,False,True,tenant_owned_or_child_review,static_candidate_not_semantically_verified
order,packages/modules/order/src/models/shipping-method-tax-line.ts,False,False,tenant_owned_or_child_review,static_candidate_not_semantically_verified
order,packages/modules/order/src/models/shipping-method.ts,False,False,tenant_owned_or_child_review,static_candidate_not_semantically_verified
order,packages/modules/order/src/models/transaction.ts,False,False,tenant_owned_or_child_review,static_candidate_not_semantically_verified
payment,packages/modules/payment/src/models/account-holder.ts,False,True,tenant_owned_or_child_review,static_candidate_not_semantically_verified
payment,packages/modules/payment/src/models/capture.ts,False,False,tenant_owned_or_child_review,static_candidate_not_semantically_verified
payment,packages/modules/payment/src/models/payment-collection.ts,False,False,tenant_owned_or_child_review,static_candidate_not_semantically_verified
payment,packages/modules/payment/src/models/payment-provider.ts,False,False,tenant_owned_or_child_review,static_candidate_not_semantically_verified
payment,packages/modules/payment/src/models/payment-session.ts,False,False,tenant_owned_or_child_review,static_candidate_not_semantically_verified
payment,packages/modules/payment/src/models/payment.ts,False,False,tenant_owned_or_child_review,static_candidate_not_semantically_verified
payment,packages/modules/payment/src/models/refund-reason.ts,False,False,tenant_owned_or_child_review,static_candidate_not_semantically_verified
payment,packages/modules/payment/src/models/refund.ts,False,False,tenant_owned_or_child_review,static_candidate_not_semantically_verified
pricing,packages/modules/pricing/src/models/price-list-rule.ts,False,False,tenant_owned_or_child_review,static_candidate_not_semantically_verified
pricing,packages/modules/pricing/src/models/price-list.ts,False,False,tenant_owned_or_child_review,static_candidate_not_semantically_verified
pricing,packages/modules/pricing/src/models/price-preference.ts,False,True,tenant_owned_or_child_review,static_candidate_not_semantically_verified
pricing,packages/modules/pricing/src/models/price-rule.ts,False,True,tenant_owned_or_child_review,static_candidate_not_semantically_verified
pricing,packages/modules/pricing/src/models/price-set.ts,False,False,tenant_owned_or_child_review,static_candidate_not_semantically_verified
pricing,packages/modules/pricing/src/models/price.ts,False,False,tenant_owned_or_child_review,static_candidate_not_semantically_verified
product,packages/modules/product/src/models/product-category.ts,False,True,tenant_owned_or_child_review,static_candidate_not_semantically_verified
product,packages/modules/product/src/models/product-collection.ts,False,True,tenant_owned_or_child_review,static_candidate_not_semantically_verified
product,packages/modules/product/src/models/product-image.ts,False,False,tenant_owned_or_child_review,static_candidate_not_semantically_verified
product,packages/modules/product/src/models/product-option-value.ts,False,True,tenant_owned_or_child_review,static_candidate_not_semantically_verified
product,packages/modules/product/src/models/product-option.ts,False,True,tenant_owned_or_child_review,static_candidate_not_semantically_verified
product,packages/modules/product/src/models/product-product-option-value.ts,False,False,tenant_owned_or_child_review,static_candidate_not_semantically_verified
product,packages/modules/product/src/models/product-product-option.ts,False,False,tenant_owned_or_child_review,static_candidate_not_semantically_verified
product,packages/modules/product/src/models/product-tag.ts,False,True,tenant_owned_or_child_review,static_candidate_not_semantically_verified
product,packages/modules/product/src/models/product-type.ts,False,True,tenant_owned_or_child_review,static_candidate_not_semantically_verified
product,packages/modules/product/src/models/product-variant-product-image.ts,False,False,tenant_owned_or_child_review,static_candidate_not_semantically_verified
product,packages/modules/product/src/models/product-variant.ts,False,True,tenant_owned_or_child_review,static_candidate_not_semantically_verified
product,packages/modules/product/src/models/product.ts,False,True,tenant_owned_or_child_review,static_candidate_not_semantically_verified
promotion,packages/modules/promotion/src/models/application-method.ts,False,False,tenant_owned_or_child_review,static_candidate_not_semantically_verified
promotion,packages/modules/promotion/src/models/campaign-budget-usage.ts,False,True,tenant_owned_or_child_review,static_candidate_not_semantically_verified
promotion,packages/modules/promotion/src/models/campaign-budget.ts,False,False,tenant_owned_or_child_review,static_candidate_not_semantically_verified
promotion,packages/modules/promotion/src/models/campaign.ts,False,True,tenant_owned_or_child_review,static_candidate_not_semantically_verified
promotion,packages/modules/promotion/src/models/promotion-rule-value.ts,False,False,tenant_owned_or_child_review,static_candidate_not_semantically_verified
promotion,packages/modules/promotion/src/models/promotion-rule.ts,False,False,tenant_owned_or_child_review,static_candidate_not_semantically_verified
promotion,packages/modules/promotion/src/models/promotion.ts,False,True,tenant_owned_or_child_review,static_candidate_not_semantically_verified
rbac,packages/modules/rbac/src/models/rbac-policy.ts,False,True,tenant_owned_or_child_review,static_candidate_not_semantically_verified
rbac,packages/modules/rbac/src/models/rbac-role-inheritance.ts,False,True,tenant_owned_or_child_review,static_candidate_not_semantically_verified
rbac,packages/modules/rbac/src/models/rbac-role-parent.ts,False,True,tenant_owned_or_child_review,static_candidate_not_semantically_verified
rbac,packages/modules/rbac/src/models/rbac-role-policy.ts,False,True,tenant_owned_or_child_review,static_candidate_not_semantically_verified
rbac,packages/modules/rbac/src/models/rbac-role.ts,False,True,tenant_owned_or_child_review,static_candidate_not_semantically_verified
region,packages/modules/region/src/models/country.ts,False,True,tenant_owned_or_child_review,static_candidate_not_semantically_verified
region,packages/modules/region/src/models/region.ts,False,False,tenant_owned_or_child_review,static_candidate_not_semantically_verified
sales-channel,packages/modules/sales-channel/src/models/sales-channel.ts,False,False,tenant_owned_or_child_review,static_candidate_not_semantically_verified
search,packages/modules/search/src/models/search-index-sync.ts,False,False,tenant_owned_or_child_review,static_candidate_not_semantically_verified
search,packages/modules/search/src/models/search-index.ts,False,True,tenant_owned_or_child_review,static_candidate_not_semantically_verified
settings,packages/modules/settings/src/models/layout-configuration.ts,False,True,tenant_owned_or_child_review,static_candidate_not_semantically_verified
settings,packages/modules/settings/src/models/property-label.ts,False,True,tenant_owned_or_child_review,static_candidate_not_semantically_verified
settings,packages/modules/settings/src/models/user-preference.ts,False,True,tenant_owned_or_child_review,static_candidate_not_semantically_verified
settings,packages/modules/settings/src/models/view-configuration.ts,False,False,tenant_owned_or_child_review,static_candidate_not_semantically_verified
stock-location,packages/modules/stock-location/src/models/stock-location-address.ts,False,False,tenant_owned_or_child_review,static_candidate_not_semantically_verified
stock-location,packages/modules/stock-location/src/models/stock-location.ts,False,False,tenant_owned_or_child_review,static_candidate_not_semantically_verified
store,packages/modules/store/src/models/currency.ts,False,False,tenant_owned_or_child_review,static_candidate_not_semantically_verified
store,packages/modules/store/src/models/locale.ts,False,False,tenant_owned_or_child_review,static_candidate_not_semantically_verified
store,packages/modules/store/src/models/store.ts,False,False,tenant_owned_or_child_review,static_candidate_not_semantically_verified
tax,packages/modules/tax/src/models/tax-provider.ts,False,False,tenant_owned_or_child_review,static_candidate_not_semantically_verified
tax,packages/modules/tax/src/models/tax-rate-rule.ts,False,True,tenant_owned_or_child_review,static_candidate_not_semantically_verified
tax,packages/modules/tax/src/models/tax-rate.ts,False,True,tenant_owned_or_child_review,static_candidate_not_semantically_verified
tax,packages/modules/tax/src/models/tax-region.ts,False,True,tenant_owned_or_child_review,static_candidate_not_semantically_verified
translation,packages/modules/translation/src/models/locale.ts,False,True,tenant_owned_or_child_review,static_candidate_not_semantically_verified
translation,packages/modules/translation/src/models/settings.ts,False,True,tenant_owned_or_child_review,static_candidate_not_semantically_verified
translation,packages/modules/translation/src/models/translation.ts,False,True,tenant_owned_or_child_review,static_candidate_not_semantically_verified
user,packages/modules/user/src/models/invite.ts,False,True,tenant_owned_or_child_review,static_candidate_not_semantically_verified
user,packages/modules/user/src/models/user.ts,False,True,tenant_owned_or_child_review,static_candidate_not_semantically_verified
workflow-engine-inmemory,packages/modules/workflow-engine-inmemory/src/models/workflow-execution.ts,False,True,tenant_owned_or_child_review,static_candidate_not_semantically_verified
workflow-engine-redis,packages/modules/workflow-engine-redis/src/models/workflow-execution.ts,False,True,tenant_owned_or_child_review,static_candidate_not_semantically_verified
